{"0": 0.015412900260456565, "1": 0.21216485368469434, "2": 0.16206526735100352, "3": 0.39659874368009806, "4": 0.21375823502374752}