{
    "0": {
        "0": 1.0
    }, 
    "1": {
        "1": 1.0
    }, 
    "2": {
        "2": 1.0
    }, 
    "3": {
        "2": 0.8721020092735703, 
        "3": 0.12789799072642968
    }, 
    "4": {
        "2": 0.6549598623853211, 
        "3": 0.2356651376146789, 
        "4": 0.109375
    }
}