{"0": 0.006714553404122424, "1": 0.2061211742660837, "2": 0.6603060587133042, "3": 0.10302935665209244, "4": 0.023828856964397252}